"id","url","stime","title","nocommentsgesamt","nocommentsx"
"98-278-t3_7l6cwh","https://www.reddit.com/r/de/comments/7l6cwh/liebe_autofahrer_k√∂nntet_ihr_auf_der_autobahn/","2017-12-21 02:16:00","Liebe Autofahrer, k√∂nntet Ihr auf der Autobahn bitte auf der rechten Spur fahren und die mittlere und linke Spur nur zum √úberholen benutzen?","276","222"
"98-84-t3_7lgoj8","https://i.redd.it/v6qjzd89cg501.jpg","2017-12-22 10:35:54","Danke nein","243","214"
"98-3-t3_7lks1c","https://i.redd.it/xmxzthwdvj501.png","2017-12-22 22:30:46","Falls nur /r/de w√§hlen d√ºrfte, dann w√ºrde die CDU/CSU nur sehr knapp √ºber die 5%-H√ºrde kommen, w√§hrend die 2 am wenigsten im Bundestag vertretenen Parteien, die H√§lfte der Stimmen h√§tten","230","79"
"98-202-t3_7l966q","https://i.redd.it/vpars5q2s9501.jpg","2017-12-21 12:32:23","Selten aber sehr stark!","226","174"
"98-133-t3_7ld3c6","https://www.reddit.com/r/de/comments/7ld3c6/meinen_freunden_fehlt_jegliches_feingef√ºhl_und_es/","2017-12-21 22:42:46","Meinen Freunden fehlt jegliches Feingef√ºhl und es ist mir langsam echt peinlich","154","81"
"98-117-t3_7lf1wk","https://www.n-tv.de/wirtschaft/Die-USA-werden-zur-Bananenrepublik-article20197650.html","2017-12-22 04:22:00","Trump bereichert sich selbst: Die USA werden zur Bananenrepublik","152","134"
"98-275-t3_7l7qt1","https://i.imgur.com/iqGkmWf.jpg","2017-12-21 06:44:48","Hmmm.","140","124"
"98-264-t3_7l82cr","https://www.reddit.com/r/de/comments/7l82cr/kw51donnerstag_was_geschieht_bei_euch_in_der/","2017-12-21 07:58:45","KW51/Donnerstag: Was geschieht bei euch in der Region, wovon wir nichts mitbekommen?","139","93"
"98-179-t3_7la5vt","https://derstandard.at/2000070834253/Fehler-bei-IP-Adressen-Viele-Briten-faelschlich-wegen-Kinderpornos-verhaftet?ref=article","2017-12-21 15:34:00","Fehler bei IP-Adressen: Viele Briten f√§lschlich wegen Kinderpornos verhaftet","138","95"
"98-108-t3_7lfuzm","https://www.worldcoinindex.com/trending/overview","2017-12-22 07:10:16","Starke Korrektur fast aller Kryptow√§hrungen um durchschnittlich 20%","134","106"
"98-189-t3_7l9p4e","http://www.sueddeutsche.de/digital/akku-leistung-warum-apple-alte-iphones-verlangsamt-1.3801319","2017-12-21 14:14:39","Alte iPhones werden wohl absichtlich langsamer. Das ist ein Feature, kein Bug, sagt Apple.","128","55"
"98-48-t3_7li9j3","http://www.spiegel.de/lebenundlernen/schule/berlin-wedding-mitschueler-bedrohen-juedischen-gymnasiasten-a-1184733.html","2017-12-22 15:56:39","Antisemitismus in Berlin: Mitsch√ºler bedrohen j√ºdischen Gymnasiasten - SPIEGEL ONLINE","127","85"
"98-240-t3_7l8jo3","https://www.reddit.com/r/de/comments/7l8jo3/antifantastisch_schwarz_roteflora_gold/","2017-12-21 10:04:42","Antifantastisch: Schwarz, Roteflora, Gold","122","100"
"98-59-t3_7lhn48","https://www.reddit.com/r/de/comments/7lhn48/kleiner_dhl_rant_von_der_anderen_seite/","2017-12-22 14:09:50","Kleiner DHL rant von der anderen Seite","122","98"
"98-73-t3_7lh5sf","https://i.redd.it/zebq1g23xg501.jpg","2017-12-22 12:33:16","Aaahhh... Zeit f√ºr den gelben Schein","120","96"
"98-103-t3_7lg5dq","http://www.spiegel.de/lebenundlernen/schule/rewe-weihnachtswette-zweitklaessler-aus-hannover-singen-weihnachtslied-a-1184166.html","2017-12-22 08:20:04","Werbeaktion im Unterricht: Zweitkl√§ssler singen w√§hrend der Schulzeit bei Rewe","111","104"
"98-88-t3_7lglx1","https://www.reddit.com/r/de/comments/7lglx1/ich_habe_mitbekommen_wie_sich_die_h√∂lle_anh√∂rt/","2017-12-22 10:16:58","Ich habe mitbekommen wie sich die H√∂lle anh√∂rt","109","99"
"98-194-t3_7l9kpd","https://www.reddit.com/r/de/comments/7l9kpd/eine_matraze_zu_entsorgen_kostet_in_meiner_stadt/","2017-12-21 13:52:54","Eine Matraze zu entsorgen kostet in meiner Stadt 24‚Ç¨ - holy shit?!?","104","84"
"98-192-t3_7l9l4s","https://i.redd.it/8fg3clov6a501.jpg","2017-12-21 13:54:57","Vom Worten ermordet","104","85"
"98-268-t3_7l7yx3","https://www.welt.de/wirtschaft/article171748044/Berufsausbildung-Fluechtlinge-passen-nicht-ins-deutsche-System.html","2017-12-21 07:35:25","Berufsausbildung: Fl√ºchtlinge passen nicht ins deutsche System","99","69"
"98-247-t3_7l8edr","https://i.redd.it/k28w4rbpu8501.png","2017-12-21 09:25:26","Ein neues Wort wurde erschaffen","96","79"
"98-64-t3_7lhhbm","http://www.strawpoll.me/14675169","2017-12-22 13:40:10","Umfrage f√ºr /r/de bez√ºglich des Wahlverhaltens. W√ºrde mich mal interessieren, wie das Subreddit politisch so tickt.","95","88"
"98-45-t3_7libpu","https://www.reddit.com/r/de/comments/7libpu/die_dkms_hat_bei_mir_angerufen_teil_2/","2017-12-22 16:06:30","Die DKMS hat bei mir angerufen... [Teil 2]","92","74"
"98-58-t3_7lhp16","https://www.reddit.com/r/de/comments/7lhp16/ein_nachtbuserlebnis_oder_warum_der_t√ºrsteher/","2017-12-22 14:19:43","""Ein Nachtbuserlebnis"" oder ""warum der T√ºrsteher dich nicht reinl√§sst""","86","70"
"98-10-t3_7lkfaf","https://www.stern.de/panorama/stern-crime/berliner-u-bahn-treter-in-jva-von-mithaeftlingen-schwer-verpruegelt-7797790.html","2017-12-22 21:31:13","Berliner U-Bahn-Treter in JVA von Mith√§ftlingen schwer verpr√ºgelt","85","32"
"98-71-t3_7lh7q6","http://www.spiegel.de/politik/deutschland/andrea-nahles-draengt-union-zu-steuererhoehungen-a-1184659.html","2017-12-22 12:44:33","Vor Sondierungsgespr√§chen mit der Union: Nahles dr√§ngt auf h√∂here Steuern f√ºr Reiche.","80","75"
"98-35-t3_7lijz5","https://i.redd.it/a3ihpiilah501.jpg","2017-12-22 16:42:04","sachen gibts ...","80","51"
"98-92-t3_7lgho5","https://imgur.com/AHHvuzW","2017-12-22 09:47:39","Es ist wieder Zeit, meine Jungs.","74","70"
"98-204-t3_7l941m","https://i.imgur.com/kI08FII.png","2017-12-21 12:19:47","√Ñhhh, beides","74","47"
"98-52-t3_7lhwn9","https://www.reddit.com/r/de/comments/7lhwn9/ich_bin_seit_2_monaten_krank_bitte_helft_mir_doch/","2017-12-22 14:57:55","Ich bin seit 2 Monaten krank. Bitte helft mir doch jemand.","73","72"
"98-182-t3_7la0v2","https://www.reddit.com/r/de/comments/7la0v2/k√ºndigung_wegen_depression_rechtm√§√üig/","2017-12-21 15:11:13","K√ºndigung wegen Depression rechtm√§√üig?","70","49"
"98-109-t3_7lft1k","http://www.faz.net/aktuell/gesellschaft/menschen/star-wars-mark-hamill-ueber-seine-rolle-als-luke-skywalker-15331326.html","2017-12-22 06:58:00","Interview mit Mark Hamill: ‚ÄûDieser Beruf bricht dir das Herz‚Äú","69","59"
"98-258-t3_7l85w4","https://imgur.com/w4q6TEk","2017-12-21 08:22:36","Jetzt wollen's die Identit√§ren genau wissen!","68","54"
"98-234-t3_7l8lf7","https://i.imgur.com/x4CllRN.jpg","2017-12-21 10:17:01","MaiMai √úberlast","66","49"
"98-20-t3_7ljj93","http://www.br.de/nachrichten/feuerwehr-ausgebremst-polizisten-angefahren-und-ehefrau-verpruegelt100~amp.html","2017-12-22 19:09:15","Berliner √ºberholt Feuerwehrfahrzeuge in der Rettungsgasse, f√§hrt einen Polizisten an und schl√§gt seine Ehefrau.","65","35"
"98-176-t3_7laa2z","https://www.mopo.de/hamburg/lamborghini-einkassiert-so-bepoebelte-tim-wiese-die-polizei-29329228","2017-12-21 15:52:18","‚ÄûH√§ttet ihr in der Schule richtig aufgepasst, dann k√∂nntet ihr euch jetzt auch so einen Wagen leisten.‚Äú ‚Äì Tim Wieses Lamborghini wurde gestern in Hamburg stillgelegt.","64","45"
"98-137-t3_7lcmpi","https://www.reddit.com/r/de/comments/7lcmpi/was_denken_die_deutsche_√ºber_homosexualit√§t_und/","2017-12-21 21:32:13","Was denken die Deutsche √ºber Homosexualit√§t und Ehe f√ºr alle?","63","60"
"98-218-t3_7l8ti2","https://www.reddit.com/r/de/comments/7l8ti2/wie_man_einen_therapieplatz_findet_oc/","2017-12-21 11:12:55","Wie man einen Therapieplatz findet (OC)","63","54"
"98-86-t3_7lgnjb","https://www.reddit.com/r/de/comments/7lgnjb/seid_ihr_in_weihnachtsstimmung/","2017-12-22 10:28:14","Seid ihr in Weihnachtsstimmung?","62","57"
"98-99-t3_7lgca4","https://www.heise.de/newsticker/meldung/Immer-schoen-konform-100-Jahre-DIN-Norm-3926511.html","2017-12-22 09:10:53","Immer sch√∂n konform: 100 Jahre DIN-Norm","62","56"
"98-220-t3_7l8rbn","https://www.reddit.com/r/de/comments/7l8rbn/was_macht_ihr_wenn_ihr_von_einem_gef√ºhl_der/","2017-12-21 10:58:47","Was macht ihr wenn ihr von einem Gef√ºhl der Einsamkeit √ºberw√§ltigt werdet?","62","58"
"98-17-t3_7ljp4o","https://twitter.com/mistermacheath/status/943912082885537792","2017-12-22 19:35:00","Heimat ist, wenn mein Vater 5km Umweg f√§hrt, um die Benzinpreise von zwei Tankstellen zu vergleichen und danach nicht zu tanken.","61","39"
"98-186-t3_7l9udf","https://kurier.at/politik/ausland/norwegen-entkriminalisiert-gebrauch-von-drogen/302.790.432","2017-12-21 14:41:05","Norwegen entkriminali¬≠siert Gebrauch von Drogen","61","47"
"98-259-t3_7l84u4","https://derstandard.at/2000070800518/US-Regierung-belegt-Bombardier-Jets-mit-300-Prozent-Strafzoellen","2017-12-21 08:15:26","US-Regierung belegt Bombardier-Jets mit 300 Prozent Strafzoll","59","55"
"98-107-t3_7lfxgc","http://www.rp-online.de/nrw/panorama/knoellchenstreit-in-dueren-29-jaehriger-zu-vier-jahren-haft-verurteilt-aid-1.7281552","2017-12-22 07:25:47","Pr√ºgelattacke wegen Kn√∂llchens - Haftstrafe f√ºr 29-J√§hrigen","59","54"
"98-260-t3_7l84t9","http://www.spiegel.de/panorama/gesellschaft/obdachlosigkeit-in-deutschland-wir-haben-ein-riesenproblem-a-1184255.html","2017-12-21 08:15:17","Obdachlosigkeit in Deutschland: ""Wir haben ein Riesenproblem""","58","48"
"98-125-t3_7ldp5h","https://www.youtube.com/watch?v=MYMXM6w571w","2017-12-22 00:20:09","Komm in die Gruppe ! Brudi ! Bei mir l√§uft nicht, bei mir rennt !","56","38"
"98-156-t3_7lb9t5","https://www.reddit.com/r/de/comments/7lb9t5/bereichsleiter_softwareentwicklung_wei√ü_nicht/","2017-12-21 18:16:20","Bereichsleiter Softwareentwicklung wei√ü nicht, dass man einen neuen Tab mit rechter Maustaste √∂ffnen kann - und das in renommierter IT-Sicherheitsfirma in Deutschland ü§¶‚Äç‚ôÇÔ∏èü§¶‚Äç‚ôÇÔ∏èü§¶‚Äç‚ôÇÔ∏è","55","50"
"98-200-t3_7l99wa","https://netzpolitik.org/2017/de-maiziere-plant-flaechendeckende-gesichtserkennung-trotz-hoher-fehlerquoten-am-suedkreuz/","2017-12-21 12:53:58","De Maizi√®re plant fl√§chendeckende Gesichtserkennung trotz hoher Fehlerquoten am S√ºdkreuz","55","50"
"98-221-t3_7l8rav","https://imgur.com/b5jbg6a","2017-12-21 10:58:35","Anweisungen befolgt. 94.5kg. Hausverbot bekommen. Was nun?","53","47"
"98-155-t3_7lbdt3","https://www.heise.de/newsticker/meldung/Urteil-gegen-Tagesschau-App-nun-rechtskraeftig-3926334.html","2017-12-21 18:32:31","Urteil gegen ""Tagesschau""-App nun rechtskr√§ftig - Der Bundesgerichtshof l√§sst keine Revision des OLG-Urteils gegen die App der Tagesschau zu, in dem sie als zu presse√§hnlich bewertet wurde.","52","33"
"98-21-t3_7lj9q2","https://youtu.be/T8_nDwZtr00","2017-12-22 18:28:24","Wie man Strassen-Stalking durch Geheimdienste und Staatsschutz erkennt!","48","35"
"98-211-t3_7l8yr2","https://www.focus.de/politik/deutschland/alice-weidel-afd-fraktionschefin-erhebt-schwere-vorwuerfe-gegen-die-kirche_id_8036449.html","2017-12-21 11:47:47","Alice Weidel: AfD-Fraktionschefin erhebt schwere Vorw√ºrfe gegen die Kirche","48","46"
"98-232-t3_7l8mfl","https://i.redd.it/nwa4eqy859501.png","2017-12-21 10:24:11","""San Zi scho mal in Z√ºri xi?""","48","37"
"98-91-t3_7lgjfs","https://scontent.fdtm1-1.fna.fbcdn.net/v/t1.0-9/25551985_1771201889617235_7218095075020999512_n.jpg?oh=e4ec18c8528454829c6a6e9857910024&oe=5AD3280C","2017-12-22 10:00:26","√ñffentliche Foto-Fahndung: Polizei sucht nach diesen G20-Chaoten von Hamburg","45","40"
"98-170-t3_7laflf","https://i.redd.it/bmarz98cva501.png","2017-12-21 16:15:07","Wenn Buzzwords mit Gier und Verzweiflung kombiniert werden...Zielgruppe: ""Investment Banker""","45","27"
"98-118-t3_7lezqf","https://www.reddit.com/r/de/comments/7lezqf/kulturfreitag_22_dec_2017/","2017-12-22 04:10:21","Kulturfreitag - 22 Dec, 2017","44","20"
"98-56-t3_7lhrr7","https://www.reddit.com/r/de/comments/7lhrr7/wie_habt_ihrs_so_mit_der_religion/","2017-12-22 14:33:38","Wie habt ihr's so mit der Religion?","42","39"
"98-226-t3_7l8pky","https://futurezone.at/netzpolitik/jeder-kollege-kann-meine-nacktbilder-auf-google-sehen/300.221.825","2017-12-21 10:46:10","‚ÄúJeder Kollege kann meine Nacktbilder auf Google sehen‚Äù","42","39"
"98-140-t3_7lcdu8","https://www.reddit.com/r/de/comments/7lcdu8/gab_es_schon_irgenwelche_abmahnungen_f√ºr_burning/","2017-12-21 20:57:24","Gab es schon irgenwelche Abmahnungen f√ºr Burning Series oder Kinox?","42","23"
"98-207-t3_7l92oy","http://www.zeit.de/wirtschaft/2017-12/buergerversicherung-cdu-spd-koalition-gesundheitssystem-gerechtigkeit-konflikt","2017-12-21 12:11:51","B√ºrgerversicherung: Auf die Topverdiener kommt es an","40","37"
"98-70-t3_7lh97w","https://www.reddit.com/r/de/comments/7lh97w/r√ºcksicht_und_besinnlichkeit_im_supermarkt/","2017-12-22 12:53:07","R√ºcksicht und Besinnlichkeit im Supermarkt","37","34"
"98-160-t3_7lb2qs","https://www.reddit.com/r/de/comments/7lb2qs/k√∂nnt_ihr_mal_platz_machen_ihr_pissnelken/","2017-12-21 17:48:42","K√∂nnt ihr mal Platz machen, ihr Pissnelken?","37","20"
"98-42-t3_7lifir","https://i.imgur.com/jceLfC4.jpg","2017-12-22 16:22:42","Zu fr√ºh f√ºr LKW-Witze? Nicht f√ºr Matthias Oomen (B√ºndnis 90/Die Gr√ºnen)","37","23"
"98-241-t3_7l8ioh","https://i.imgur.com/oi8EM4E.jpg","2017-12-21 09:57:37","Sternenhimmel in K√ºhtai gestern Abend [OC]","36","32"
"98-134-t3_7lcy2w","https://www.reddit.com/r/de/comments/7lcy2w/raclette_ein_euphemismus_f√ºr_resteverwertung/","2017-12-21 22:19:47","Raclette, ein Euphemismus f√ºr Resteverwertung","35","34"
"98-235-t3_7l8l9s","http://www.faz.net/aktuell/politik/inland/christian-lindner-jamaika-doch-wieder-vorstellbar-15352914.html","2017-12-21 10:15:50","Regierungsbildung: Lindner denkt wieder √ºber Jamaika nach","35","33"
"98-190-t3_7l9nzh","https://www.reddit.com/r/de/comments/7l9nzh/hallo_leute_kleine_frage_ueber_strassennamen_in/","2017-12-21 14:08:56","Hallo Leute! Kleine frage ueber Strassennamen in Deutschland (und Oesterrich und auch in die Schweiz).","33","33"
"98-93-t3_7lghce","https://www.heise.de/newsticker/meldung/Handwerkspraesident-Fachkraeftemangel-hemmt-Wachstum-3926891.html","2017-12-22 09:45:23","Handwerkspr√§sident: Fachkr√§ftemangel hemmt Wachstum","32","18"
"98-163-t3_7lav28","https://www.reddit.com/r/de/comments/7lav28/duschgedanken_ein_selbstfahrender_wagen_mit/","2017-12-21 17:17:56","Duschgedanken: Ein selbstfahrender Wagen mit Automatikgetriebe ist ein Autoautoauto.","32","22"
"98-1-t3_7lkw2m","https://www.reddit.com/r/de/comments/7lkw2m/das_schlimmste_filmtitel_in_deutchland/","2017-12-22 22:49:23","Das schlimmste Filmtitel in Deutchland?","31","10"
"98-139-t3_7lcj87","https://i.imgur.com/LWOf4J2.jpg","2017-12-21 21:18:25","Jeden Tag reiten wir auf unseren Einh√∂rner weiter weg von Gottes Licht","31","19"
"98-237-t3_7l8k20","https://bazonline.ch/basel/stadt/verdacht-auf-illegale-organentnahme/story/21632645","2017-12-21 10:07:31","Verdacht auf illegale Organentnahme: Die Mutter eines verstorbenen 20-j√§hrigen Deutschen erhebt Vorw√ºrfe gegen das Unispital Basel. Sie hat den Verdacht, die √Ñrzte seien in einen organisierten Organhandel verstrickt.","31","22"
"98-41-t3_7lift3","https://i.imgur.com/28VRjSJ.png","2017-12-22 16:23:58","Hinweise bitte an die n√§chstgelegene Polizeidienststelle...","30","22"
"98-210-t3_7l8zrz","https://www.neues-deutschland.de/artikel/1074075.armut-in-deutschland-immer-mehr-rentner-stehen-bei-der-tafel-fuer-essen-an.html","2017-12-21 11:54:34","Altersarmut: 350.000 Rentner auf Tafeln angewiesen.","30","26"
"98-251-t3_7l8b3y","https://i.redd.it/ditd2h6aq8501.jpg","2017-12-21 09:01:37","hmmmm.jpg","29","27"
"98-201-t3_7l99o5","https://i.redd.it/j6s56ekmv9501.jpg","2017-12-21 12:52:37","[Trick 17] Die Enden eines Pflasters einschneiden, damit es besser an der Fingerkuppe h√§lt.","29","18"
"98-216-t3_7l8uhp","http://www.ndr.de/nachrichten/Ko-Tropfen-Ein-Vergewaltigungsopfer-erzaehlt,kotropfen142.html","2017-12-21 11:19:29","K.o.-Tropfen: Ein Vergewaltigungsopfer erz√§hlt","28","25"
"98-61-t3_7lhmgg","https://imgur.com/a/lwIgk","2017-12-22 14:06:50","Weitere LAN-Party Plakate","28","17"
"98-209-t3_7l91ou","https://i.redd.it/drdpvwbin9501.png","2017-12-21 12:06:39","Tja, selber Schuld.","28","16"
"98-166-t3_7lamb3","https://www.reddit.com/r/de/comments/7lamb3/schnelle_frage_an_die_berlin_brudis/","2017-12-21 16:43:03","Schnelle Frage an die Berlin brudis","26","26"
"98-82-t3_7lgs3w","https://www.reddit.com/r/de/comments/7lgs3w/aus_meiner_fb_timeline_sektenartiges_network/","2017-12-22 11:01:30","Aus meiner FB Timeline: Sektenartiges ""Network Marketing"". Pyramidenschema zum Selbstbauen. Was tun?","26","22"
"98-267-t3_7l7z7q","https://www.reddit.com/r/de/comments/7l7z7q/bewerbung_verlangt_arbeitszeugnis_habe_aber_keines/","2017-12-21 07:37:16","Bewerbung verlangt Arbeitszeugnis - habe aber keines?","26","25"
"98-239-t3_7l8jpr","https://www.apotheke-adhoc.de/nachrichten/detail/pharmazie/cannabis-aerzte-kennen-sich-zu-wenig-aus-spektrum-cannabis-medizinalhanf/","2017-12-21 10:05:06","Cannabis: √Ñrzte kennen sich zu wenig aus - Drei Viertel der Deutschen finden die Gesetzes√§nderung zu Medizinalhanf gut. Jeder F√ºnfte w√ºrde gerne medizinisches Cannabis verschrieben bekommen, bem√§ngelt allerdings das unzureichende Wissen der √Ñrzte.","25","21"
"98-69-t3_7lha9t","https://www.reddit.com/r/de/comments/7lha9t/gesucht_karten_brettspiele_f√ºr_2_personen/","2017-12-22 12:59:51","[Gesucht] Karten- & Brettspiele f√ºr 2 Personen","25","24"
"98-231-t3_7l8mpw","http://www.migazin.de/2017/12/20/gehen-sie-ihre-heimat-ablehnungsschreiben/","2017-12-21 10:26:03","‚ÄûGehen Sie zur√ºck in Ihre Heimat!‚Äú: Ablehnungsschreiben an syrischen Azubi-Bewerber macht sprachlos","25","21"
"98-29-t3_7lit1p","https://www.reddit.com/r/de/comments/7lit1p/schimmel_an_wand_nach_au√üen_wessen_schuld/","2017-12-22 17:20:16","Schimmel an Wand nach au√üen; wessen Schuld?","24","23"
"98-208-t3_7l91y2","https://i.redd.it/bhatm0nsn9501.jpg","2017-12-21 12:08:05","Danke Karen! Muss man wissen","24","22"
"98-96-t3_7lggeo","https://imgur.com/w2NLGhE","2017-12-22 09:38:25","Der innere Strunk meiner Mandarine sieht aus wie eine Backteriophage","24","22"
"98-66-t3_7lhgck","http://www.faz.net/-gqe-953u9","2017-12-22 13:34:39","Bitcoin-Hype: Eisteehersteller hei√üt neu ‚ÄûLong Blockchain‚Äú, steigert Wert um 200 Prozent","24","22"
"98-111-t3_7lfnwq","https://www.reddit.com/r/de/comments/7lfnwq/obligatorischer_was_schenckt_ihr_euren_eltern_zu/","2017-12-22 06:24:02","Obligatorischer ""Was schenckt ihr euren Eltern zu Weihnachten"" - Faden","23","23"
"98-26-t3_7liy0m","https://www.reddit.com/r/de/comments/7liy0m/welche_anspr√ºche_habe_ich_eigentlich_wenn_amazon/","2017-12-22 17:41:00","Welche Anspr√ºche habe ich eigentlich wenn Amazon sein ""garantiertes"" Lieferdatum nicht einh√§lt?","23","20"
"98-136-t3_7lcug6","https://www.reddit.com/r/de/comments/7lcug6/erreichen_wir_bald_die_stau_singularit√§t/","2017-12-21 22:04:41","Erreichen wir bald die Stau Singularit√§t","23","17"
"98-74-t3_7lh2s6","https://www.youtube.com/watch?v=0sTQNbFHQSs","2017-12-22 12:14:05","00 Schneider - Nihil Baxter beim Arzt. Ein Klassiker des deutschen Kinos.","23","20"
"98-79-t3_7lgxm2","https://hpd.de/artikel/amazon-uk-nimmt-trainings-set-fuer-beschneidungen-dem-programm-15111","2017-12-22 11:40:17","Amazon UK nimmt Trainings-Set f√ºr Beschneidungen aus dem Programm","22","21"
"98-197-t3_7l9eao","https://www.reddit.com/r/de/comments/7l9eao/gute_podcasts_die_ihr_empfehlen_k√∂nnt/","2017-12-21 13:18:20","Gute Podcasts die ihr empfehlen k√∂nnt","22","21"
"98-153-t3_7lbmfm","https://imgur.com/dj8UWRy","2017-12-21 19:06:51","Tja.","22","18"
"98-114-t3_7lfh53","http://www.tagesschau.de/ausland/katalonien-regionalwahl-109.html","2017-12-22 05:44:39","Katalonien - Separatisten verteidigen absolute Mehrheit","22","17"
"98-98-t3_7lge25","https://i.imgur.com/DYeO5UP.jpg","2017-12-22 09:22:47","Sensation: r/de Mod beim Training erwischt.","22","18"
"98-128-t3_7ldeug","https://www.focus.de/politik/deutschland/transitlager-in-deutschland-deggendorf-fluechtlinge-protestieren-gegen-unterkunft-und-essen-regierung-weist-kritik-zurueck_id_8058068.html","2017-12-21 23:32:33","Fl√ºchtlinge protestieren mit Hungerstreik - doch ihre Aktion wirft Fragen auf","22","17"
"98-76-t3_7lh0fm","http://www.otz.de/startseite/detail/-/specific/Maenner-Macht-und-Missbrauch-Vergewaltigungsvorwuerfe-in-der-AfD-495789043","2017-12-22 11:59:28","M√§nner, Macht und Missbrauch: Vergewaltigungsvorw√ºrfe in der AfD","22","21"
"98-252-t3_7l8afo","https://www.mz-web.de/dessau-rosslau/arbeitsgericht--rauchen-ohne-ausstempeln---stadt-kuendigt-mitarbeiter-nach-25-jahren-29328226","2017-12-21 08:56:52","Arbeitsgericht : Rauchen ohne Ausstempeln - Stadt k√ºndigt Mitarbeiter nach 25 Jahren","21","16"
"98-16-t3_7ljrz2","https://www.reddit.com/r/de/comments/7ljrz2/schon_mal_zum_√ºben_welche_weihnachtslieder_sind/","2017-12-22 19:47:32","Schon mal zum √úben: Welche Weihnachtslieder sind das?","21","21"
"98-9-t3_7lkfuh","https://i.imgur.com/AvYH6Na.jpg","2017-12-22 21:33:45","Unterlases Weihnachtstreffen","20","14"
"98-36-t3_7liiqw","https://www.reddit.com/r/de/comments/7liiqw/warum_st√∂rt_es_eigentlich_manche_leute_dass_der/","2017-12-22 16:36:45","Warum st√∂rt es eigentlich manche Leute, dass der Bitcoin Kurs eingebrochen ist?","20","18"
"98-254-t3_7l899h","https://www.tagesanzeiger.ch/leben/gesellschaft/Weder-Fluegel-noch-Rotoren/story/19673077","2017-12-21 08:47:54","¬´Weder Fl√ºgel noch Rotoren¬ª - Das Pentagon besch√§ftigte sich jahrelang heimlich mit UFOs. Jetzt spricht ein Kampfpilot erstmals √ºber seine skurrile Begegnung mit einem ihm unbekannten Flugobjekt.","19","19"
"98-27-t3_7live1","http://www.br.de/nachrichten/feuerwehr-ausgebremst-polizisten-angefahren-und-ehefrau-verpruegelt100.html","2017-12-22 17:30:16","A8 bei Hofolding: Feuerwehr ausgebremst, Polizist angefahren und Ehefrau verpr√ºgelt | Nachrichten | BR.de","19","19"
"98-161-t3_7lb1tl","https://youtu.be/Ub--Czta5Tw?t=1m","2017-12-21 17:44:55","Ankommende LKW beim GLS Logistikzentrum Bad Hersfeld legen Landstra√üe lahm...","18","16"
"98-195-t3_7l9j0v","http://i.imgur.com/A2h7ozR.jpg","2017-12-21 13:43:53","Ich esse jetzt D√∂nerpizza... Gottes Licht und so","18","15"
"98-168-t3_7lak2l","https://i.imgur.com/FuTBZyF.png","2017-12-21 16:33:56","Humor w√§r, wenn man trotzdem lacht. - Umgekehrt w√§r es aber vermutlich sofort eine Anzeige geworden...","18","15"
"98-94-t3_7lghbo","http://www.20min.ch/schweiz/bern/story/Mann-aus-Subingen-behaelt-den-Humor---auch-nach-dem-Ableben-10431075","2017-12-22 09:45:09","Die wohl witzigste Todesanzeige der Schweiz: Ein Subinger zeigt auch nach dem Tod Humor. In der Todesanzeige vermeldet er seine Adress√§nderung.","18","16"
"98-175-t3_7lac0q","http://www.prinzessinnenreporter.de/und-das-steht-wirklich-im-neuen-schwedischen-vergewaltigungs-gesetz/","2017-12-21 16:00:22","Und das steht wirklich im neuen schwedischen ‚ÄûVergewaltigungs-Gesetz‚Äú","18","14"
"98-40-t3_7lih6r","https://www.n-tv.de/politik/Bannon-denkt-ueber-Praesidentschaft-nach-article20199552.html","2017-12-22 16:29:57","Trumps ehemaliger Chefideologe: Bannon denkt √ºber Pr√§sidentschaft nach","17","14"
"98-55-t3_7lhtro","https://www.reddit.com/r/de/comments/7lhtro/weihnachten_wer_von_euch_verschenkt_noch/","2017-12-22 14:43:56","Weihnachten: Wer von Euch verschenkt noch?","17","16"
"98-262-t3_7l83wa","https://www.htwk-leipzig.de/studieren/im-studium/studium-generale/fragen-und-antworten/","2017-12-21 08:09:05","Diese FAQs sind k√∂stlich :D","17","17"
"98-230-t3_7l8nae","https://www.reddit.com/r/de/comments/7l8nae/how_much_do_german_tax_authority_employees_get/","2017-12-21 10:30:01","How much do German Tax Authority employees get paid","17","17"
"98-242-t3_7l8idz","https://www.reddit.com/r/de/comments/7l8idz/eine_frohe_wintersonnenwende_euch_allen/","2017-12-21 09:55:13","Eine frohe Wintersonnenwende euch allen!","16","16"
"98-104-t3_7lg4n0","http://www.sueddeutsche.de/stil/stilkritik-alle-in-die-warnwesten-1.3794120","2017-12-22 08:14:40","Alle in die Warnwesten!","16","13"
"98-271-t3_7l7w6e","http://taz.de/Zeugenaussagen-bei-G20-Prozessen/!5468423/","2017-12-21 07:17:55","Zeugenaussagen bei G20-Prozessen: ‚ÄûBesonderer Service‚Äú f√ºr die Polizei","15","15"
"98-95-t3_7lgh89","https://i.redd.it/mhk6ti9p2g501.jpg","2017-12-22 09:44:21","Und im sechsten Monat wurde Sigmar Gabriel von Gott gesandt in eine Stadt in Galil√§a, die hei√üt Nazareth, zu einer Jungfrau, die vertraut war einem Mann mit Namen Josef vom Hause David; und die Jungfrau hie√ü Maria.","15","14"
"98-90-t3_7lgkok","https://i.redd.it/tsv0hqw87g501.png","2017-12-22 10:08:46","Die Universit√§t Heidelberg - ein Abenteuer!","15","13"
"98-206-t3_7l9315","https://www.reddit.com/r/de/comments/7l9315/quizduell/","2017-12-21 12:13:58","Quizduell","15","15"
"98-100-t3_7lga27","http://www.zeit.de/politik/ausland/2017-12/carles-puigdemont-neuwahl-katalonien-gewinner-dialog","2017-12-22 08:55:28","Kommentar: Rajoys harte Katalonien-Politik ist gescheitert","15","14"
"98-199-t3_7l9bwz","http://sz.de/1.3799657","2017-12-21 13:05:40","Rassistische Flugbl√§tter an KZ-Gedenkst√§tte Dachau verteilt","15","13"
"98-115-t3_7lfgvw","http://www.deutschlandfunk.de/schuetzenvereine-im-wandel-koenigin-und-koenigin.862.de.html?dram:article_id=406661","2017-12-22 05:43:16","K√∂nigin und K√∂nigin - Sch√ºtzenvereine im Wandel","15","12"
"98-101-t3_7lg6f3","http://m.spiegel.de/politik/ausland/syrien-russlands-feldzug-gegen-die-wahrheit-a-1184533.html","2017-12-22 08:27:35","Desinformation als Kriegswaffe: Russlands perfider Feldzug gegen die Wahrheit","15","14"
"98-255-t3_7l890c","http://www.taz.de/Nach-einer-Rede-im-Bundestag/!5469561/","2017-12-21 08:46:04","Nach einer Rede im Bundestag: Hexenjagd auf Sch√ºler in Russland","14","14"
"98-148-t3_7lbz2y","http://www.sueddeutsche.de/politik/oeffentlichkeitsfahndung-die-methode-barbie-1.3801309","2017-12-21 19:57:52","Nach G-20-Gipfel: Methode Barbie - Politik(SZ Kommentar)","14","7"
"98-46-t3_7libm4","https://i.redd.it/wzoi2lpryh501.jpg","2017-12-22 16:06:05","Candy & Hermes","14","8"
"98-8-t3_7lkg8z","https://www.reddit.com/r/de/comments/7lkg8z/kleines_weihnachtswunder/","2017-12-22 21:35:46","Kleines Weihnachtswunder","13","9"
"98-130-t3_7ld74y","https://i.redd.it/m87qm3rwvc501.jpg","2017-12-21 22:58:49","Zu salzig","13","9"
"98-145-t3_7lc4wp","https://www.reddit.com/r/de/comments/7lc4wp/gastbeitrag_zur_kryptow√§hrung_bitcoin/","2017-12-21 20:21:01","Gastbeitrag zur Kryptow√§hrung Bitcoin - Einsch√§tzung von Leuten mit mehr Plan vom Thema gesucht","13","12"
"98-110-t3_7lfpbq","http://www.spiegel.de/politik/ausland/grossbritannien-boris-johnson-wirft-russland-destabilisierung-europas-vor-a-1184612.html#ref=rss","2017-12-22 06:33:28","Britischer Au√üenminister: Johnson wirft Russland Destabilisierung Europas vor","13","13"
"98-217-t3_7l8tlm","https://www.amazon.de/dp/B06ZYTKH9Q/","2017-12-21 11:13:25","F√ºr ein Last-Minute-Geschenk reicht es zwar nicht mehr, aber eine tolle √úberraschung ist es trotzdem [Link zu Amazon]","13","13"
"98-257-t3_7l86e4","http://www.spiegel.de/lebenundlernen/schule/lueneburg-weihnachtsfeier-laut-schule-nicht-wegen-muslimin-verschoben-a-1184273.html","2017-12-21 08:26:23","Schule in L√ºneburg: Aufregung um eine verschobene Weihnachtsfeier","13","13"
"98-162-t3_7lazrn","https://www.mopo.de/hamburg/polizei/er-hortete-waffen-polizist-wegen-nazi-vorwurf-versetzt-23428234","2017-12-21 17:36:33","Er hortete Waffen: Polizist wegen Nazi-Vorwurf versetzt","13","9"
"98-238-t3_7l8jzc","https://www.reddit.com/r/de/comments/7l8jzc/an_wen_sollte_man_am_besten_spenden/","2017-12-21 10:07:01","An wen sollte man am besten spenden?","13","12"
"98-127-t3_7ldm76","https://i.redd.it/ou8k67c68d501.jpg","2017-12-22 00:07:33","M√∂chte Focus √ºberhaupt, dass man seine Artikel liest?","13","10"
"98-165-t3_7laq9y","http://www.spiegel.de/politik/ausland/donald-trump-seine-drohung-vor-der-uno-resolution-zu-jerusalem-ist-ein-eigentor-a-1184497.html","2017-12-21 16:58:50","Uno-Resolution zu Jerusalem: Trumps diplomatisches Eigentor - Wer in der Jerusalem-Frage nicht seiner Meinung ist, dem will Donald Trump das Geld streichen: Das hat er vor einer Abstimmung der Uno-Vollversammlung angek√ºndigt. Gut so - die Welt wird sehen, wie isoliert die USA sind.","13","11"
"98-269-t3_7l7xow","https://i.redd.it/s7pt54fe98501.png","2017-12-21 07:27:18","Ich h√§tte auch das Bild gew√§hlt, um zu illustrieren wie man W√ºrde bewahrt","13","12"
"98-191-t3_7l9lnv","https://imgur.com/9vOFJ4D","2017-12-21 13:57:44","He he.","12","12"
"98-225-t3_7l8q5f","https://i.redd.it/vukvtbkv99501.jpg","2017-12-21 10:50:29","Das neue √ñsterreichische Fernsehprogramm wurde vom Falter geleakt.","12","6"
"98-261-t3_7l84mk","http://orf.at/stories/2419713/","2017-12-21 08:14:02","Sch√ºsse an Grenze: Erneut Soldat aus Nordkorea geflohen","11","11"
"98-169-t3_7lah1u","https://i.redd.it/pb46xqq9t8501.jpg","2017-12-21 16:20:58","This belong here?","11","11"
"98-50-t3_7li46f","https://i.redd.it/nbaplv63th501.jpg","2017-12-22 15:32:10","Wenn man sich anstrengt, kann man‚Äòs ihm nach dem vierten Blick ansehen","11","6"
"98-67-t3_7lhbl6","http://www.tagesschau.de/inland/schuldenuhr-101.html","2017-12-22 13:07:22","√ñffentliche Haushalte: Schuldenuhr l√§uft erstmals r√ºckw√§rts","11","9"
"98-198-t3_7l9ctt","https://www.reddit.com/r/de/comments/7l9ctt/fragediskussionfunktionieren_led_birnen_in_jeder/","2017-12-21 13:10:30","[Frage/Diskussion]Funktionieren LED Birnen in jeder Lampe?","11","11"
"98-272-t3_7l7uhy","https://derstandard.at/2000070759504/Israel-plant-angeblich-massiven-Siedlungsausbau-im-Westjordanland","2017-12-21 07:07:38","Israel soll massiven Siedlungsbau im Westjordanland planen","11","7"
"98-102-t3_7lg61u","https://www.golem.de/news/keeper-security-passwortmanager-hersteller-verklagt-journalist-dan-goodin-1712-131805.html","2017-12-22 08:24:39","Keeper Security: Passwortmanager-Hersteller verklagt Journalist Dan Goodin","11","11"
"98-31-t3_7lin4n","https://i.redd.it/6c3xb30w7i501.jpg","2017-12-22 16:55:29","Ist die Wissenschaft zu weit gegangen?","11","8"
"98-244-t3_7l8fne","https://youtu.be/f6m9tvs3PhU","2017-12-21 09:35:09","Deutsche vs Britische Weihnachtsm√§rkte","10","8"
"98-62-t3_7lhkby","https://www.reddit.com/r/de/comments/7lhkby/lpt_kleine_eink√§ufe_vor_den_feiertagen/","2017-12-22 13:56:06","LPT: Kleine Eink√§ufe vor den Feiertagen","10","7"
"98-132-t3_7ld70j","https://www.reddit.com/r/de/comments/7ld70j/hilfe_schwiegermama_in_spe_zu_besuch/","2017-12-21 22:58:14","Hilfe! Schwiegermama in spe zu Besuch!","10","10"
"98-85-t3_7lgoio","http://www.zeit.de/digital/internet/2017-12/leistungsschutzrecht-presseverleger-eu-kommission-haelt-studie-zurueck","2017-12-22 10:35:46","Leistungsschutzrecht: EU-Kommission h√§lt kritische Studie zur√ºck","10","8"
"98-124-t3_7ldrpy","https://www.reddit.com/r/de/comments/7ldrpy/weihnachtsmann_sein_oder_nicht_sein/","2017-12-22 00:32:05","[Weihnachtsmann] sein oder nicht sein?","10","10"
"98-249-t3_7l8c4y","https://www.facebook.com/panorama.de/videos/1172141639590171/","2017-12-21 09:09:09","Fr√ºher war alles besser. Oder? (Facebook Warnung)","10","10"
"98-38-t3_7lihud","https://i.imgur.com/TZPUBzs.jpg","2017-12-22 16:32:42","Weihnachten am K√∂lner Doom","10","8"
"98-28-t3_7litu6","https://www.focus.de/politik/deutschland/anschlag-auf-berliner-weihnachtsmarkt-im-visier-des-verfassungsschutzes-radikal-imam-sprach-bei-gedenkfeier-fuer-terror-opfer_id_8069389.html","2017-12-22 17:23:30","Berlin: Radikal-Imam sprach bei Gedenkfeier f√ºr Terror-Opfer - Deutschland","9","6"
"98-173-t3_7lae16","https://www.gruenderszene.de/allgemein/so-verteuern-bots-unseren-weihnachtseinkauf?utm_source=gruenderszene&utm_medium=rotationbox&utm_term=0&utm_content=post&utm_campaign=/allgemein/so-verteuern-bots-unseren-weihnachtseinkauf&ref=rotationbox","2017-12-21 16:08:45","So verteuern Bots unseren Weihnachtseinkauf","9","9"
"98-250-t3_7l8bfu","https://www.reddit.com/r/de/comments/7l8bfu/5_jahrestag_des_weltunterganges_ein_res√ºmee/","2017-12-21 09:04:15","5 Jahrestag des Weltunterganges: Ein Res√ºmee","9","9"
"98-266-t3_7l80sp","http://www.zeit.de/kultur/2017-12/steuerreform-usa-donald-trump-steuereinnahmen-neoliberalismus-wohlfahrtsstaat-usa","2017-12-21 07:48:08","Trumps Angriff auf Amerika - Wie die Steuerreform der Republikaner bereits in den 70er Jahren vorbereitet wurde","9","7"
"98-281-t3_7l5bb5","https://www.reddit.com/r/de/comments/7l5bb5/probleme_mit_dem_mietvertrag/","2017-12-20 23:20:50","Probleme mit dem Mietvertrag","9","9"
"98-105-t3_7lfzzm","https://heinz-grill.de/vollautomatisiertes-auto-produkt-kirche/","2017-12-22 07:42:40","Selbstfahrende Autos sind nicht spirituell und dahinter steckt die Kirche. Mussmanwissen.","9","9"
"98-7-t3_7lkk55","http://www.tagesschau.de/ausland/urteil-familiennachzug-101.html","2017-12-22 21:53:41","Verwaltungsgericht: Beim Familiennachzug z√§hlt das Kindeswohl","8","7"
"98-30-t3_7lirit","https://www.youtube.com/watch?v=odVr5S_hLrk","2017-12-22 17:13:35","Mit Drohnen auf Wildschweine: Bayerns J√§ger r√ºsten auf | quer mit Christoph S√º√ü - BR | youtube.com (x-post /r/Jagd)","8","8"
"98-214-t3_7l8vrz","https://www.reddit.com/r/de/comments/7l8vrz/letzte_minute_geschenkeliste_schnelle_frage/","2017-12-21 11:28:39","Letzte Minute Geschenkeliste schnelle Frage Antwort Runde","8","8"
"98-65-t3_7lhgzv","https://imgur.com/5RCLr1f","2017-12-22 13:38:18","Ich glaube die Gorch Fock hat etwas an Wert verloren.","8","3"
"98-83-t3_7lgqx4","https://www.lto.de/recht/hintergruende/h/twitter-pranger-antisemitismus-persoenlichkeitsrecht-sozialsphaere-gegen-judenhass/","2017-12-22 10:52:58","Twitter-Pranger gegen Antisemitismus erlaubt?","8","8"
"98-183-t3_7la0cn","https://imgur.com/a/8yPD7","2017-12-21 15:08:57","HLI, dass es eine islamistische Bewegung mit dem Namen ""MILF"" gibt","8","7"
"98-154-t3_7lbhay","http://www.sueddeutsche.de/politik/jerusalem-konflikt-un-vollversammlung-usa-sollen-jerusalem-entscheidung-zuruecknehmen-1.3802509","2017-12-21 18:46:45","UN-Vollversammlung: USA sollen Jerusalem-Entscheidung zur√ºcknehmen","8","5"
"98-12-t3_7lkck8","http://www.zeit.de/politik/ausland/2017-12/unesco-israel-vereinte-nationen-austritt","2017-12-22 21:18:36","Vereinte Nationen: Israel verk√ºndet Unesco-Austritt bis Ende 2018 | zeit.de","7","6"
"98-219-t3_7l8stp","https://www.heise.de/newsticker/meldung/Mit-Holz-hoch-hinaus-das-hoechste-Holz-Hochhaus-3918560.html","2017-12-21 11:08:38","2018 er√∂ffnet das weltweit h√∂chste Hochhaus aus Holz - 24 Stockwerke. Das klingt kuschelig, aber auch feuergef√§hrlich. Kann man trotzdem unbesorgt einziehen?","7","6"
"98-282-t3_7l5980","https://i.redd.it/g23q4376t5501.jpg","2017-12-20 23:12:02","""Der instrumentalisierte Antisemitismus"" FAZ Kommentar/Analyse","7","7"
"98-270-t3_7l7wq9","https://i.imgur.com/2om9cZu.jpg","2017-12-21 07:21:18","Das ""D"" und DB steht f√ºr DIY","6","3"
"98-193-t3_7l9l4c","https://www.youtube.com/watch?v=8tztlrIzlyU","2017-12-21 13:54:53","Die neue Seilbahn Zugspitze erschlie√üt ab sofort den h√∂chsten Berg des Landes und wartet dabei mit gleich drei spektakul√§ren Weltrekorden auf","6","5"
"98-63-t3_7lhj8k","http://meedia.de/2017/12/21/bueros-der-cdu-sind-viel-groesser-ein-skandal-titanic-foppt-afd-abgeordnete-mit-falschen-bundestags-hausmeistern/","2017-12-22 13:50:18","‚ÄûB√ºros der CDU sind viel gr√∂√üer ‚Äì ein Skandal‚Äú: Titanic foppt AfD-Abgeordnete mit falschen Bundestags-‚ÄûHausmeistern‚Äú","6","3"
"98-77-t3_7lgzyw","https://www.arte.tv/de/videos/071436-003-A/re-polen-vor-der-zerreissprobe/","2017-12-22 11:56:28","Re: Polen vor der Zerrei√üprobe | ARTE","6","6"
"98-33-t3_7limv4","https://imgur.com/gallery/SAJEJ","2017-12-22 16:54:30","Der Spinnenbrudi rettet Weihnachten","6","4"
"98-158-t3_7lb69m","https://www.reddit.com/r/de/comments/7lb69m/gibt_es_eine_website_um_die_weltcup_zu_ansehen_dh/","2017-12-21 18:02:53","Gibt es eine Website, um die Weltcup zu ansehen (d.h. zu streamen)?","6","6"
"98-277-t3_7l6n0j","https://www.bz-berlin.de/berlin/tempelhof-schoeneberg/sechs-minuten-unertraeglicher-hass-gegen-juden-mitten-in-berlin","2017-12-21 03:06:44","Sechs Minuten unertr√§glicher Hass gegen Juden ‚Äì mitten in Berlin","6","5"
"98-236-t3_7l8kv8","http://www.globalorgasm.org/","2017-12-21 10:12:56","Heute ist Welt-Orgasmus-Tag","6","6"
"98-142-t3_7lcbf2","http://www.sueddeutsche.de/bayern/weihnachten-pendler-feiern-weihnachtsfeier-in-der-s-bahn-1.3802420","2017-12-21 20:47:37","Morgens halb 8 in der S-Bahn...","6","6"
"98-229-t3_7l8nkl","https://i.imgur.com/Rd5yLxS.jpg","2017-12-21 10:31:58","Ich glaube ich habe die Legastheniker-Version von PUBG erwischt","6","6"
"98-212-t3_7l8wl2","http://www.ardmediathek.de/tv/Zapp/Abgebrochen-metoo-Debatte-bei-Shabab-/NDR-Fernsehen/Video?bcastId=3714742&documentId=47960938","2017-12-21 11:34:12","Sehenswert: Abgebrochen: #metoo-Debatte bei Deutsche Welle Sendung ""Shabab Talk"" (04:44min) - Ein jordanischer Politiker verlie√ü die Sendung ""Shabab Talk"", als eine Frau im Rahmen der #metoo-Debatte √ºber sexuelle Bel√§stigung in Jordanien sprach.","6","5"
"98-172-t3_7laejz","https://www.welt.de/wirtschaft/article171801021/Deutsche-Post-Winterprobleme-mit-dem-Streetscooter.html","2017-12-21 16:10:49","Post-Zusteller haben Angst, den Streetscooter zu nutzen","6","6"
"98-113-t3_7lfkfx","http://ondemand-mp3.dradio.de/file/dradio/2017/12/21/anmerkungen_zur_facebook_sprache_des_tuebinger_dlf_20171221_1741_de26cb08.mp3","2017-12-22 06:03:42","[podcast] Facebook als ""dark room""? Boris Palmer und die Verwahrlosung der Sprache (3 min)","5","5"
"98-34-t3_7likgq","https://imgur.com/gallery/gTCz3","2017-12-22 16:44:08","I raise your LAN-Party Poster by a LAN-Party T-Shirt","5","4"
"98-213-t3_7l8vum","http://augengeradeaus.net/2017/12/lkw-kartellabsprachen-bis-zu-10-000-bundeswehr-laster-betroffen/","2017-12-21 11:29:14","LKW-Kartellabsprachen: Bis zu 10.000 Bundeswehr-Laster betroffen","5","5"
"98-18-t3_7ljltb","http://www.deliberationdaily.de/2017/12/toxische-femininitaet-eine-begriffsklaerung/","2017-12-22 19:20:38","Toxische Femininit√§t ‚Äì Eine Begriffskl√§rung","5","4"
"98-80-t3_7lgult","http://www.fnp.de/lokales/frankfurt/ABG-Holding-zieht-Klage-gegen-Mieter-zurueck;art675,2861107","2017-12-22 11:18:07","Kapitulation: ABG Holding zieht Klage gegen Mieter zur√ºck - Ein Mieter muss nicht, wie alle anderen, die Montage von Funkmessern an Heizung und Wasseranschluss dulden. Das Amtsgericht sah Datenschutzfragen offen.","5","3"
"98-274-t3_7l7qye","http://www.spiegel.de/politik/ausland/wahlkrimi-in-virginia-gericht-hebt-ein-stimmen-vorsprung-wieder-auf-a-1184426.html","2017-12-21 06:45:44","Entscheidung durch M√ºnzwurf | Wahlkrimi in Virginia: Gericht hebt Ein-Stimmen-Vorsprung wieder auf - SPIEGEL ONLINE","5","5"
"98-4-t3_7lkppk","https://www.youtube.com/watch?v=tsdqPHILbRU","2017-12-22 22:19:45","Wie sich Mozart auf einem Katzenklavier anh√∂rt","5","5"
"98-121-t3_7ldwpb","http://www.zeit.de/wirtschaft/unternehmen/2017-12/insolvenz-paracelsus-kliniken-osnabrueck","2017-12-22 00:56:58","Paracelsus-Kliniken: Klinikkette meldet Insolvenz an","5","5"
"98-227-t3_7l8pah","https://imgur.com/O7YH0jX","2017-12-21 10:44:20","Wei√ü hier jemand was los war?","4","4"
"98-181-t3_7la5bf","https://www.wsj.com/articles/twelve-days-in-xinjiang-how-chinas-surveillance-state-overwhelms-daily-life-1513700355","2017-12-21 15:31:25","[ENG] Twelve Days in Xinjiang: How China‚Äôs Surveillance State Overwhelms Daily Life | Bericht √ºber Chinas Modell √úberwachungsstaat","4","4"
"98-253-t3_7l89gk","http://www.taz.de/Maedchenrechte-im-Irak/!5469623/","2017-12-21 08:49:25","M√§dchenrechte im Irak: Ein gro√üer Erfolg f√ºr die Frauen","4","3"
"98-49-t3_7li4c6","https://i.redd.it/6vnvffj7th501.jpg","2017-12-22 15:32:49","Oberarm enlargement Pillen","4","4"
"98-164-t3_7lasb7","https://i.redd.it/99yfmah35b501.jpg","2017-12-21 17:06:43","Honor Deutschland ver√§rgert","4","2"
"98-129-t3_7ld83i","https://netzpolitik.org/2017/twitter-sperrt-account-des-aegyptischen-menschenrechtlers-wael-abbas/","2017-12-21 23:02:58","Twitter sperrt Account des √§gyptischen Menschenrechtlers Wael Abbas","4","3"
"98-24-t3_7lj3fa","http://www.spiegel.de/panorama/bundespolizei-mauschelei-bei-millionenauftrag-fuer-bodycams-a-1184675.html","2017-12-22 18:02:56","Innenministerium mauschelte bei Millionenauftrag f√ºr Bodycams","4","4"
"98-14-t3_7lk6lz","https://i.redd.it/765618d2ej501.jpg","2017-12-22 20:51:41","Hmm","4","4"
"98-75-t3_7lh2ep","https://i.redd.it/hlyxdfcbtg501.jpg","2017-12-22 12:11:45","Ein echter Mettmann","4","3"
"98-131-t3_7ld70v","https://i.redd.it/hkhnijwsvc501.jpg","2017-12-21 22:58:16","Seit wann geh√∂rt denn das Elsass wieder zu Deutschland?","4","2"
"98-13-t3_7lk91f","https://www.reddit.com/r/de/comments/7lk91f/duschgedanke_warum_habe_ich_eigentlich_noch_keine/","2017-12-22 21:02:39","[Duschgedanke] Warum habe ich eigentlich noch keine Witze √ºber den Namen des ehemaligen katalonischen Separatisten-F√ºhrers geh√∂rt?","4","4"
"98-72-t3_7lh7nc","https://www.reddit.com/r/de/comments/7lh7nc/duschgedanke_warum_hei√üt_es_handschuhe_und_nicht/","2017-12-22 12:44:05","[Duschgedanke] Warum hei√üt es Handschuhe und nicht Handsocken?","4","3"
"98-157-t3_7lb8js","https://bar.wikipedia.org/wiki/Boarisch","2017-12-21 18:11:18","HLI, dass es WikiPedia auch auf Bairisch gibt","4","4"
"98-233-t3_7l8lti","http://www.spiegel.de/spiegel/an-den-schienen-der-pfinztalbahn-legt-ein-unbekannter-hackfleisch-ab-a-1184148.html","2017-12-21 10:19:33","Mysteri√∂ser Serient√§ter: Der Hackepeter von Pfinztal. √úber Wochen hinweg deponierte ein Unbekannter einen Klumpen Fleisch an den Schienen der Pfinztalbahn. Was wissen die Anwohner?","4","4"
"98-68-t3_7lhan5","https://imgur.com/XD8SdVi","2017-12-22 13:01:50","Der absolute Mettmann","4","4"
"98-141-t3_7lccmr","https://www.reddit.com/r/de/comments/7lccmr/ndw_webseite/","2017-12-21 20:52:31","NDW Webseite?","4","4"
"98-263-t3_7l82v5","http://imgur.com/G1D5F4s","2017-12-21 08:02:08","VERKAUFT ALLE BITCOIN MAIMAIS","4","3"
"98-245-t3_7l8fjz","http://www.faz.net/aktuell/wirtschaft/wirtschaft-in-zahlen/stetiges-anziehen-der-stellschraube-zur-mehrwertsteuer-15349723.html","2017-12-21 09:34:20","Von zehn auf 19 Prozent","4","4"
"98-123-t3_7ldt21","https://www.youtube.com/watch?v=ZzwCpRdhsXk","2017-12-22 00:38:31","Wie viel Zappelstrom vertr√§gt das Netz? Bemerkungen zur deutschen Energiewende von Hans-Werner Sinn","4","3"
"98-11-t3_7lkeu5","https://www.youtube.com/watch?v=aDax1POgMhI","2017-12-22 21:29:10","Auf einen Gulag mit Moritz Neumeier","4","3"
"98-171-t3_7laemd","https://www.youtube.com/watch?v=9L0IiijfzqU","2017-12-21 16:11:08","G20-Chaos - Wer hat Schuld? | 45 Min | NDR","3","1"
"98-279-t3_7l5p43","https://www.reddit.com/r/de/comments/7l5p43/wie_kommen_die_vitamine_in_die_multivitaminbonbons/","2017-12-21 00:21:02","Wie kommen die Vitamine in die Multivitaminbonbons?","3","3"
"98-196-t3_7l9g2x","http://www.aero.de/news-28123/Eurowings-bekommt-fuer-Duesseldorf-eine-echte-Business-Class.html","2017-12-21 13:28:25","Eurowings bekommt (f√ºr D√ºsseldorf) eine echte Business Class: Die Eurowings ""BIZclass"" f√ºr D√ºsseldorf bricht mit einer Produktstrategie, mit der Lufthansa Eurowings vom eigenen Produkt deutlich abgrenzte.","3","3"
"98-119-t3_7levke","https://multinational.io/de/compare_passports/Deutschland","2017-12-22 03:49:12","Vergleichen Sie den Pass von Deutschland mit anderen P√§ssen","3","3"
"98-187-t3_7l9siu","https://i.redd.it/axk5mlzdda501.jpg","2017-12-21 14:31:43","Mein Zwischennetz funktioniert gerade auch nicht","3","3"
"98-224-t3_7l8qcd","http://www.zeit.de/zeit-magazin/leben/2017-12/spielzeug-sexismus-puppen-aussehen-rollenklischees","2017-12-21 10:51:44","Spielzeug: Vom Sandkasten in den Beautysalon","3","3"
"98-6-t3_7lkkn5","https://www.youtube.com/watch?v=1QFps8LkoI8","2017-12-22 21:55:57","Aus gegebenen Anlass: Djong Yun und Popol Vuh","3","3"
"98-273-t3_7l7uer","http://www.heute.at/welt/news/story/Auto-rast-in-Melbourne-in-Menschenmenge-44868552","2017-12-21 07:07:06","Mehrere Personen verletzt - Auto rast in Melbourne in Menschenmenge","3","3"
"98-106-t3_7lfzel","http://www.spiegel.de/wirtschaft/unternehmen/unilever-verkauft-rama-und-becel-fuer-milliarden-an-finanzinvestor-kkr-a-1183663.html","2017-12-22 07:38:48","Milliardendeal: Unilever verkauft Rama und Becel","3","3"
"98-256-t3_7l87ss","http://www.scinexx.de/wissen-aktuell-22237-2017-12-21.html","2017-12-21 08:36:55","Schimpansen wollen unsoziales Verhalten r√ºgen","3","3"
"98-135-t3_7lcx51","http://www.spiegel.de/gesundheit/psychologie/mo-gawdat-glueck-ist-wenn-das-gehirn-die-klappe-haelt-a-1184095.html","2017-12-21 22:15:52","Formel f√ºr Zufriedenheit: ""Gl√ºck ist, wenn das Gehirn die Klappe h√§lt"" - SPIEGEL ONLINE - Gesundheit","3","2"
"98-44-t3_7lieyw","http://www.zeit.de/wirtschaft/2017-12/einkommensungleichheit-studie-thomas-piketty-chancen-gleichheit?wt_zmc=sm.ext.zonaudev.twitter.ref.zeitde.share.link.x","2017-12-22 16:20:28","Einkommensungleichheit: Umverteilung allein hilft nicht","3","1"
"98-51-t3_7lhx98","https://www.heise.de/newsticker/meldung/Europaeisches-Leistungsschutzrecht-EU-Kommission-hielt-kritische-Studie-versteckt-3927277.html","2017-12-22 15:00:49","Europ√§isches Leistungsschutzrecht: EU-Kommission hielt kritische Studie versteckt","3","3"
"98-152-t3_7lbubb","http://www.tagesspiegel.de/berlin/antidiskriminierungsgesetz-rot-gruener-appell-gegen-das-kopftuch-an-berliner-schulen/20762838.html","2017-12-21 19:38:43","Rot-gr√ºner Appell gegen das Kopftuch an Berliner Schulen","3","2"
"98-150-t3_7lby4z","https://imgur.com/lL3QOco","2017-12-21 19:54:06","/r/IchhabeeineFreundin","2","2"
"98-243-t3_7l8h4g","http://www.spiegel.de/panorama/justiz/deggendorf-das-seltsame-leben-des-pater-thomas-a-1183913.html","2017-12-21 09:46:04","Missbrauchsprozess gegen Ex-Priester: Das seltsame Leben des Pater Thomas - Als Pater Thomas gewann er das Vertrauen einer Kirchengemeinde. Nun steht er vor Gericht, unter anderem wegen Kindesmissbrauchs. Und Gl√§ubige fragen sich, wie sehr man sich in einem Menschen t√§uschen kann.","2","2"
"98-146-t3_7lc2oi","http://www.tagesschau.de/wirtschaft/vw-kuendigung-101.html","2017-12-21 20:12:18","VW k√ºndigt Ex-Manager Schmidt","2","2"
"98-126-t3_7ldmkl","http://www.deutschlandfunk.de/chanson-des-monats-dezember-iiiiih-ein-suv.807.de.html?dram:article_id=402681","2017-12-22 00:09:07","Chanson des Monats Dezember - Iiiiih, ein SUV!","2","2"
"98-19-t3_7ljjjo","http://www.zew.de/de/presse/pressearchiv/deutschland-ist-der-verlierer-der-us-steuerreform/?cHash=75addafc432190cf3c257046de2fb167","2017-12-22 19:10:31","Deutschland ist der Verlierer der US-Steuerreform ""Der Wettbewerb in der EU um US-Investitionen wird zunehmen""","2","2"
"98-22-t3_7lj92z","http://www.spiegel.de/politik/ausland/boris-johnson-soll-regierung-russlands-beleidigt-haben-a-1184667.html","2017-12-22 18:25:37","Britischer Au√üenminister in Moskau: Russische Regierung f√ºhlt sich von Boris Johnson beleidigt","2","2"
"98-215-t3_7l8vim","https://www.computerbase.de/2017-12/magic-leap-erstes-ar-headset-lichtfeldtechnik/","2017-12-21 11:26:48","Magic Leap One: AR-Headset mit Lichtfeldtechnik kommt 2018 - Magic Leap zeigt sieben Jahre nach Gr√ºndung und fast zwei Milliarden US-Dollar gesammeltem Kapital sein erstes AR-Headset One, das Microsofts HoloLens √§hnelt.","2","1"
"98-159-t3_7lb47e","https://imgur.com/Y6dqcuV","2017-12-21 17:54:27","Puppyseat :)","2","1"
"98-228-t3_7l8p1f","http://www.zeit.de/zeit-magazin/2017/53/seele-psychologie-existenz-suche","2017-12-21 10:42:34","Psychologie: Was ist die Seele?","2","2"
"98-143-t3_7lca0d","http://www.taz.de/!5468429/","2017-12-21 20:42:03","Miese Zuchtbedingungen in Th√ºringen: Ein Schweineleben","2","2"
"98-78-t3_7lgzl7","https://twitter.com/Dagobert95/status/944143091002433536/photo/1","2017-12-22 11:54:09","Wenn Sam Ficken den Verein wechselt","2","1"
"98-184-t3_7l9x9r","https://goo.gl/forms/CR7AKMOl77WimQ6N2","2017-12-21 14:54:41","Hobbyclub: Abstimmung √ºber das erste Hobby 2017","2","2"
"98-188-t3_7l9rng","https://www.youtube.com/watch?v=N2fF3QOT6cQ","2017-12-21 14:27:23","Oh du Ehrliche - Weihnachten unzensiert","2","2"
"98-223-t3_7l8qga","http://www.zeit.de/gesellschaft/2017-12/schwangerschaftsabbruch-werbung-abtreibung-gesetzesaenderung/komplettansicht","2017-12-21 10:52:26","Schwangerschaftsabbruch: Von Abtreibung und Menschenrecht","2","2"
"98-15-t3_7lk5ug","http://www.spiegel.de/sport/fussball/dfb-beendet-freundschaftsspiele-mit-chinesischer-u20-a-1184767.html","2017-12-22 20:48:10","DFB beendet Testspielprojekt mit chinesischer U20","2","2"
"98-112-t3_7lfld2","https://imgur.com/34XcsrR","2017-12-22 06:08:46","Akku Problem? Diese App hilft!","2","1"
"98-32-t3_7lin26","https://www.youtube.com/watch?v=5FN8CEvvPl4","2017-12-22 16:55:15","Helge Schneider - Katzenoma","2","2"
"98-25-t3_7liyez","http://www.spiegel.de/politik/deutschland/andreas-nahles-kritisiert-zustand-der-spd-und-fordert-parlamentsreform-a-1184688.html","2017-12-22 17:42:31","Nahles warnt SPD vor Oppositionssehnsucht","2","2"
"98-185-t3_7l9v9x","http://www.deutschlandfunkkultur.de/verbrechen-an-den-hereros-und-den-namas-ringen-um-die.976.de.html?dram:article_id=406540","2017-12-21 14:45:17","Verbrechen an den Hereros und den Namas - Ringen um die Anerkennung der deutschen Schuld","1","1"
"98-265-t3_7l81cu","https://www.fian.de/artikelansicht/2017-12-20-aktualisiertes-factsheet-auf-dem-weg-zu-einer-erklaerung-fuer-die-rechte-von-kleinbaeuerinnen/","2017-12-21 07:52:05","Factsheet ""Auf dem Weg zu einer Erkl√§rung f√ºr die Rechte von Kleinb√§uerInnen"" (Mit Link zum PDF)","1","1"
"98-246-t3_7l8eqp","https://posteo.de/blog/sicherheits-warnung-f%C3%BCr-thunderbird-und-enigmail-nutzer-schwachstellen-gef%C3%A4hrden-vertraulichkeit-der-kommunikation","2017-12-21 09:28:13","Sicherheits-Warnung f√ºr Thunderbird- und Enigmail-Nutzer: Schwachstellen gef√§hrden Vertraulichkeit der Kommunikation","1","1"
"98-5-t3_7lkn6z","https://www.zdf.de/nachrichten/heute/deutliches-absatzplus-oelverbrauch-in-deutschland-steigt-100.html","2017-12-22 22:07:43","√ñlverbrauch in Deutschland steigt","1","1"
"98-144-t3_7lc74l","http://www.spiegel.de/politik/ausland/katalonien-erste-tendenz-zur-regionalwahl-a-1184590.html","2017-12-21 20:30:10","Erste Tendenz nach Wahl: Katalanische Separatisten laut Umfrage vorne","1","1"
"98-174-t3_7ladm9","http://cdn1.spiegel.de/images/image-1230098-860_poster_16x9-optd-1230098.jpg","2017-12-21 16:07:05","oder so ...","1","1"
"98-120-t3_7ldx14","http://www.faz.net/aktuell/un-vollversammlung-amerika-soll-jerusalem-entscheidung-zuruecknehmen-15353951.html","2017-12-22 00:58:38","UN-Vollversammlung stimmt gegen Washington: Trumps Erpressungsversuch scheitert kl√§glich","1","1"
"98-47-t3_7liat9","https://www.saarbruecker-zeitung.de/politik/themen/man-darf-noch-lange-nicht-entwarnung-geben_aid-6975925","2017-12-22 16:02:27","Interview Reiner Holznagel, Bund der Steuerzahler: ‚ÄûMan darf noch lange nicht Entwarnung geben‚Äú","1","1"
"98-178-t3_7la62b","https://www.tagesschau.de/inland/tagesschau-rekordjahr-101.html","2017-12-21 15:34:50","ARD-Nachrichtensendungen: Rekordjahr f√ºr die tagesschau","1","1"
"98-37-t3_7liiar","https://m.heise.de/newsticker/meldung/Europaeisches-Leistungsschutzrecht-EU-Kommission-hielt-kritische-Studie-versteckt-3927277.html","2017-12-22 16:34:51","Europ√§isches Leistungsschutzrecht: EU-Kommission hielt kritische Studie versteckt","1","1"
"98-180-t3_7la5fu","http://www.spiegel.de/einestages/russische-revolution-a-948934.html","2017-12-21 15:31:57","Russische Revolution: Agent der Macht (√ºber Heinrich Bockelmann, Gro√üvater von Udo J√ºrgens)","1","1"
"98-147-t3_7lbzer","https://www.reddit.com/r/de/comments/7lbzer/21_uhr_ist_xfactor_zeit/","2017-12-21 19:59:06","21 Uhr ist XFactor zeit!","1","1"
"98-53-t3_7lhurb","https://www.youtube.com/watch?v=ysvVJR-Qh5Q","2017-12-22 14:48:37","WEIHNACHTEN - EIN FEST DER ZEIT - Impulse by Nik Pichler ep. 18","1","1"
"98-57-t3_7lhp8q","https://youtu.be/CRpSAHWa3Q4","2017-12-22 14:20:48","Sch√∂ne Weihnachten euch allen","1","1"
"98-81-t3_7lgt7y","http://augengeradeaus.net/2017/12/neueste-fregatte-der-marine-muss-vor-uebergabe-erneut-in-die-werft-neufassung/","2017-12-22 11:09:11","Neueste Fregatte der Marine muss vor √úbergabe erneut in die Werft (Neufassung)","1","1"
"98-167-t3_7lalzs","https://www.youtube.com/watch?v=o3jgOW2akx4","2017-12-21 16:41:44","[und noch ein bi√üchen sch√∂ne, vorweihnachtliche musik] Gare du Nord: Somethin' in my mouth","1","1"
